sym,universe,interval,range,rule,bars,n,winrate,avg_ret,sum_ret,PF,maxDD,wf_flag,wf1_n,wf1_avg,wf1_PF,wf2_n,wf2_avg,wf2_PF,score,is_control
AMD,liquid,1d,1y,L_RSI50,251,4,25.0,-2.9785,-11.9138,0.421,18.199,FIRST_ONLY,2,3.1426,3.663,2,-9.0995,0.0,-999.0,0
AMD,liquid,1d,1y,L_EMA_RECLAIM,251,1,0.0,-8.6421,-8.6421,0.0,8.6421,WEAK_BOTH,0,0.0,0.0,1,-8.6421,0.0,-999.0,0
AMD,liquid,1d,1y,L_VWAP_RECLAIM,251,7,57.14,3.2334,22.6338,2.415,8.7157,SECOND_ONLY,5,-0.5631,0.824,2,12.7246,99.0,20.66,0
AMD,liquid,1d,1y,B_SUPERTREND,251,4,25.0,-3.5553,-14.2211,0.405,23.8885,FIRST_ONLY,2,0.2519,1.055,2,-7.3624,0.0,-999.0,0
AMD,liquid,1d,1y,B_DONCHIAN_D,251,13,38.46,0.6672,8.6739,1.226,17.1358,SECOND_ONLY,4,-1.8418,0.381,9,1.7824,1.606,2.95,0
AMD,liquid,1d,1y,HYBRID,251,3,33.33,-0.7857,-2.357,0.786,8.6421,FIRST_ONLY,2,3.1426,3.663,1,-8.6421,0.0,-999.0,0
AMD,liquid,1h,3mo,L_RSI50,449,4,25.0,-0.6481,-2.5923,0.416,4.442,WEAK_BOTH,3,-0.36,0.631,1,-1.5122,0.0,-999.0,0
AMD,liquid,1h,3mo,L_EMA_RECLAIM,449,2,50.0,0.2089,0.4178,1.276,1.5122,WEAK_BOTH,1,1.9299,99.0,1,-1.5122,0.0,-999.0,0
AMD,liquid,1h,3mo,L_VWAP_RECLAIM,449,10,30.0,0.1546,1.5462,1.114,8.071,FIRST_ONLY,4,1.1011,1.81,6,-0.4764,0.646,0.545,0
AMD,liquid,1h,3mo,B_SUPERTREND,449,13,23.08,-0.4528,-5.8858,0.606,7.5579,SECOND_ONLY,5,-1.5116,0.0,8,0.209,1.227,-999.0,0
AMD,liquid,1h,3mo,HYBRID,449,3,33.33,-0.8559,-2.5678,0.419,4.4175,WEAK_BOTH,2,-0.5278,0.637,1,-1.5122,0.0,-999.0,0
ASTS,book,1d,1y,L_RSI50,251,6,33.33,-5.7342,-34.4052,0.013,34.8454,WEAK_BOTH,3,-0.9889,0.129,3,-10.4794,0.0,-999.0,0
ASTS,book,1d,1y,L_EMA_RECLAIM,251,3,66.67,6.5176,19.5527,3.115,9.2469,FIRST_ONLY,2,14.3998,99.0,1,-9.2469,0.0,-999.0,0
ASTS,book,1d,1y,L_VWAP_RECLAIM,251,3,33.33,-5.1961,-15.5883,0.024,15.9776,WEAK_BOTH,1,0.3894,99.0,2,-7.9888,0.0,-999.0,0
ASTS,book,1d,1y,B_SUPERTREND,251,7,28.57,-4.9623,-34.7364,0.406,45.0987,WEAK_BOTH,4,-0.8069,0.88,3,-10.5029,0.0,-999.0,0
ASTS,book,1d,1y,B_DONCHIAN_D,251,11,45.45,-0.0852,-0.9367,0.985,53.246,SECOND_ONLY,9,-1.6139,0.727,2,6.7943,2.647,-999.0,0
ASTS,book,1d,1y,HYBRID,251,2,50.0,-4.4288,-8.8575,0.042,9.2469,WEAK_BOTH,1,0.3894,99.0,1,-9.2469,0.0,-999.0,0
ASTS,book,1h,3mo,L_RSI50,449,3,33.33,-0.3959,-1.1877,0.707,4.0566,WEAK_BOTH,0,0.0,0.0,3,-0.3959,0.707,-999.0,0
ASTS,book,1h,3mo,L_EMA_RECLAIM,449,3,33.33,-0.5,-1.5,0.657,4.3689,WEAK_BOTH,0,0.0,0.0,3,-0.5,0.657,-999.0,0
ASTS,book,1h,3mo,L_VWAP_RECLAIM,449,7,14.29,-0.8428,-5.8999,0.559,11.5068,FIRST_ONLY,2,2.8034,3.986,5,-2.3014,0.0,-999.0,0
ASTS,book,1h,3mo,B_SUPERTREND,449,6,33.33,-0.4162,-2.4974,0.761,8.237,FIRST_ONLY,2,2.8698,4.289,4,-2.0592,0.052,-999.0,0
ASTS,book,1h,3mo,HYBRID,449,3,33.33,-0.5,-1.5,0.657,4.3689,WEAK_BOTH,0,0.0,0.0,3,-0.5,0.657,-999.0,0
META,liquid,1d,1y,L_RSI50,251,0,0.0,0.0,0.0,0.0,0.0,NO_TRADES,0,0.0,0.0,0,0.0,0.0,-999.0,0
META,liquid,1d,1y,L_EMA_RECLAIM,251,0,0.0,0.0,0.0,0.0,0.0,NO_TRADES,0,0.0,0.0,0,0.0,0.0,-999.0,0
META,liquid,1d,1y,L_VWAP_RECLAIM,251,7,28.57,0.4028,2.8199,1.214,10.5777,FIRST_ONLY,2,2.0666,2.587,5,-0.2626,0.876,1.294,0
META,liquid,1d,1y,B_SUPERTREND,251,7,57.14,1.3206,9.2445,1.755,9.6929,FIRST_ONLY,3,3.1862,4.756,4,-0.0785,0.968,6.134,0
META,liquid,1d,1y,B_DONCHIAN_D,251,4,25.0,0.0881,0.3524,1.057,3.5562,FIRST_ONLY,3,0.1348,1.066,1,-0.052,0.0,-999.0,0
META,liquid,1d,1y,HYBRID,251,0,0.0,0.0,0.0,0.0,0.0,NO_TRADES,0,0.0,0.0,0,0.0,0.0,-999.0,0
META,liquid,1h,3mo,L_RSI50,449,5,60.0,1.1111,5.5553,2.753,1.6489,FIRST_ONLY,4,1.0435,2.317,1,1.3812,99.0,6.84,0
META,liquid,1h,3mo,L_EMA_RECLAIM,449,5,60.0,0.8954,4.477,3.991,1.4969,SECOND_ONLY,1,3.6175,99.0,4,0.2149,1.574,7.99,0
META,liquid,1h,3mo,L_VWAP_RECLAIM,449,7,14.29,-1.2037,-8.4257,0.042,8.7927,WEAK_BOTH,4,-1.1368,0.075,3,-1.2929,0.0,-999.0,0
META,liquid,1h,3mo,B_SUPERTREND,449,9,33.33,0.1867,1.6801,1.345,3.279,FIRST_ONLY,7,0.4292,1.846,2,-0.6622,0.0,0.753,0
META,liquid,1h,3mo,HYBRID,449,2,100.0,2.4994,4.9987,99.0,0.0,WEAK_BOTH,1,3.6175,99.0,1,1.3812,99.0,-999.0,0
NVDA,liquid,1d,1y,L_RSI50,251,4,0.0,-3.8219,-15.2877,0.0,15.2877,WEAK_BOTH,1,-3.039,0.0,3,-4.0829,0.0,-999.0,1
NVDA,liquid,1d,1y,L_EMA_RECLAIM,251,4,25.0,-0.5579,-2.2317,0.788,7.4102,SECOND_ONLY,1,-3.1344,0.0,3,0.3009,1.122,-999.0,1
NVDA,liquid,1d,1y,L_VWAP_RECLAIM,251,6,50.0,0.9134,5.4804,1.52,7.4102,BOTH_HALVES,3,1.5259,2.46,3,0.3009,1.122,3.4,1
NVDA,liquid,1d,1y,B_SUPERTREND,251,9,11.11,-2.9182,-26.2635,0.102,26.2635,WEAK_BOTH,4,-4.0484,0.0,5,-2.014,0.228,-999.0,1
NVDA,liquid,1d,1y,B_DONCHIAN_D,251,8,25.0,-1.7243,-13.7941,0.059,13.7941,WEAK_BOTH,3,-2.6808,0.0,5,-1.1504,0.13,-999.0,1
NVDA,liquid,1d,1y,HYBRID,251,4,25.0,-0.5579,-2.2317,0.788,7.4102,SECOND_ONLY,1,-3.1344,0.0,3,0.3009,1.122,-999.0,1
NVDA,liquid,1h,3mo,L_RSI50,449,6,50.0,0.0436,0.2614,1.073,2.9777,WEAK_BOTH,1,2.53,99.0,5,-0.4537,0.362,-999.0,1
NVDA,liquid,1h,3mo,L_EMA_RECLAIM,449,6,66.67,0.3979,2.3874,2.272,1.8772,FIRST_ONLY,2,1.4875,99.0,4,-0.1469,0.687,2.214,1
NVDA,liquid,1h,3mo,L_VWAP_RECLAIM,449,7,42.86,-0.5269,-3.688,0.294,4.6428,WEAK_BOTH,2,-0.5243,0.19,5,-0.5279,0.328,-999.0,1
NVDA,liquid,1h,3mo,B_SUPERTREND,449,9,22.22,-0.1827,-1.644,0.658,3.8347,FIRST_ONLY,3,0.6427,3.927,6,-0.5953,0.14,-999.0,1
NVDA,liquid,1h,3mo,HYBRID,449,5,60.0,0.3885,1.9425,2.035,1.8772,WEAK_BOTH,1,2.53,99.0,4,-0.1469,0.687,1.768,1
PLTR,liquid,1d,1y,L_RSI50,251,1,0.0,-4.853,-4.853,0.0,4.853,WEAK_BOTH,1,-4.853,0.0,0,0.0,0.0,-999.0,0
PLTR,liquid,1d,1y,L_EMA_RECLAIM,251,0,0.0,0.0,0.0,0.0,0.0,NO_TRADES,0,0.0,0.0,0,0.0,0.0,-999.0,0
PLTR,liquid,1d,1y,L_VWAP_RECLAIM,251,3,33.33,0.5466,1.6397,1.215,6.4287,SECOND_ONLY,1,-6.4287,0.0,2,4.0342,7.678,-999.0,0
PLTR,liquid,1d,1y,B_SUPERTREND,251,4,0.0,-5.0709,-20.2838,0.0,20.2838,WEAK_BOTH,3,-5.4493,0.0,1,-3.9359,0.0,-999.0,0
PLTR,liquid,1d,1y,B_DONCHIAN_D,251,5,40.0,-1.2178,-6.089,0.56,13.8403,WEAK_BOTH,2,-1.8571,0.178,3,-0.7916,0.745,-999.0,0
PLTR,liquid,1d,1y,HYBRID,251,0,0.0,0.0,0.0,0.0,0.0,NO_TRADES,0,0.0,0.0,0,0.0,0.0,-999.0,0
PLTR,liquid,1h,3mo,L_RSI50,449,5,40.0,0.5185,2.5923,1.954,2.718,SECOND_ONLY,2,-0.6159,0.0,3,1.2747,3.573,2.265,0
PLTR,liquid,1h,3mo,L_EMA_RECLAIM,449,4,25.0,-0.519,-2.0761,0.147,2.0761,WEAK_BOTH,2,-0.9052,0.0,2,-0.1329,0.574,-999.0,0
PLTR,liquid,1h,3mo,L_VWAP_RECLAIM,449,10,50.0,2.7017,27.017,6.543,2.5491,BOTH_HALVES,4,1.8041,5.098,6,3.3001,7.361,42.718,0
PLTR,liquid,1h,3mo,B_SUPERTREND,449,14,28.57,0.5801,8.1214,1.497,9.6744,SECOND_ONLY,6,-1.1749,0.167,8,1.8963,2.921,3.248,0
PLTR,liquid,1h,3mo,HYBRID,449,3,33.33,0.2771,0.8312,1.675,1.2318,WEAK_BOTH,2,-0.6159,0.0,1,2.063,99.0,-999.0,0
QQQ,liquid,1d,1y,L_RSI50,251,3,0.0,-1.6082,-4.8247,0.0,4.8247,WEAK_BOTH,1,-1.0634,0.0,2,-1.8807,0.0,-999.0,0
QQQ,liquid,1d,1y,L_EMA_RECLAIM,251,1,0.0,-1.7353,-1.7353,0.0,1.7353,WEAK_BOTH,0,0.0,0.0,1,-1.7353,0.0,-999.0,0
QQQ,liquid,1d,1y,L_VWAP_RECLAIM,251,1,100.0,3.8238,3.8238,99.0,0.0,WEAK_BOTH,1,3.8238,99.0,0,0.0,0.0,-999.0,0
QQQ,liquid,1d,1y,B_SUPERTREND,251,5,0.0,-1.3883,-6.9416,0.0,6.9416,WEAK_BOTH,3,-1.1821,0.0,2,-1.6976,0.0,-999.0,0
QQQ,liquid,1d,1y,B_DONCHIAN_D,251,4,0.0,-1.7258,-6.9031,0.0,6.9031,WEAK_BOTH,2,-1.7442,0.0,2,-1.7073,0.0,-999.0,0
QQQ,liquid,1d,1y,HYBRID,251,1,0.0,-1.7353,-1.7353,0.0,1.7353,WEAK_BOTH,0,0.0,0.0,1,-1.7353,0.0,-999.0,0
QQQ,liquid,1h,3mo,L_RSI50,449,0,0.0,0.0,0.0,0.0,0.0,NO_TRADES,0,0.0,0.0,0,0.0,0.0,-999.0,0
QQQ,liquid,1h,3mo,L_EMA_RECLAIM,449,0,0.0,0.0,0.0,0.0,0.0,NO_TRADES,0,0.0,0.0,0,0.0,0.0,-999.0,0
QQQ,liquid,1h,3mo,L_VWAP_RECLAIM,449,1,0.0,-0.2702,-0.2702,0.0,0.2702,WEAK_BOTH,0,0.0,0.0,1,-0.2702,0.0,-999.0,0
QQQ,liquid,1h,3mo,B_SUPERTREND,449,2,50.0,1.1587,2.3174,9.576,0.2702,WEAK_BOTH,1,2.5876,99.0,1,-0.2702,0.0,-999.0,0
QQQ,liquid,1h,3mo,HYBRID,449,0,0.0,0.0,0.0,0.0,0.0,NO_TRADES,0,0.0,0.0,0,0.0,0.0,-999.0,0
RKLB,book,1d,1y,L_RSI50,251,2,0.0,-10.2833,-20.5665,0.0,20.5665,WEAK_BOTH,0,0.0,0.0,2,-10.2833,0.0,-999.0,0
RKLB,book,1d,1y,L_EMA_RECLAIM,251,3,66.67,3.6608,10.9824,2.168,9.4015,FIRST_ONLY,2,4.9267,2.048,1,1.1291,99.0,-999.0,0
RKLB,book,1d,1y,L_VWAP_RECLAIM,251,4,50.0,-0.4289,-1.7155,0.906,18.2915,WEAK_BOTH,1,15.4469,99.0,3,-5.7208,0.062,-999.0,0
RKLB,book,1d,1y,B_SUPERTREND,251,5,40.0,-1.0769,-5.3846,0.723,9.9378,FIRST_ONLY,2,0.6147,1.124,3,-2.2047,0.303,-999.0,0
RKLB,book,1d,1y,B_DONCHIAN_D,251,12,16.67,-2.1458,-25.7493,0.392,41.208,FIRST_ONLY,6,0.3983,1.183,6,-4.6898,0.039,-999.0,0
RKLB,book,1d,1y,HYBRID,251,1,100.0,1.1291,1.1291,99.0,0.0,WEAK_BOTH,0,0.0,0.0,1,1.1291,99.0,-999.0,0
RKLB,book,1h,3mo,L_RSI50,449,2,0.0,-2.4051,-4.8102,0.0,4.8102,WEAK_BOTH,0,0.0,0.0,2,-2.4051,0.0,-999.0,0
RKLB,book,1h,3mo,L_EMA_RECLAIM,449,4,25.0,-1.4406,-5.7624,0.269,5.7624,WEAK_BOTH,1,-3.0748,0.0,3,-0.8959,0.441,-999.0,0
RKLB,book,1h,3mo,L_VWAP_RECLAIM,449,8,37.5,-0.6818,-5.4542,0.481,6.5355,WEAK_BOTH,2,-0.9543,0.362,6,-0.5909,0.528,-999.0,0
RKLB,book,1h,3mo,B_SUPERTREND,449,7,28.57,-0.0307,-0.2147,0.981,10.1852,FIRST_ONLY,4,0.1199,1.078,3,-0.2314,0.863,-999.0,0
RKLB,book,1h,3mo,HYBRID,449,3,33.33,-0.8959,-2.6877,0.441,4.8102,WEAK_BOTH,0,0.0,0.0,3,-0.8959,0.441,-999.0,0
SPCX,book,1h,3mo,L_RSI50,398,0,0.0,0.0,0.0,0.0,0.0,NO_TRADES,0,0.0,0.0,0,0.0,0.0,-999.0,0
SPCX,book,1h,3mo,L_EMA_RECLAIM,398,0,0.0,0.0,0.0,0.0,0.0,NO_TRADES,0,0.0,0.0,0,0.0,0.0,-999.0,0
SPCX,book,1h,3mo,L_VWAP_RECLAIM,398,5,20.0,-0.8269,-4.1346,0.606,8.8496,SECOND_ONLY,2,-2.7283,0.0,3,0.4407,1.263,-999.0,0
SPCX,book,1h,3mo,B_SUPERTREND,398,14,50.0,-0.0241,-0.338,0.981,9.4415,SECOND_ONLY,6,-1.057,0.302,8,0.7505,1.691,-999.0,0
SPCX,book,1h,3mo,HYBRID,398,0,0.0,0.0,0.0,0.0,0.0,NO_TRADES,0,0.0,0.0,0,0.0,0.0,-999.0,0
SPY,liquid,1d,1y,L_RSI50,251,7,14.29,-0.4358,-3.0506,0.48,5.8622,SECOND_ONLY,4,-1.0216,0.0,3,0.3453,1.583,-999.0,0
SPY,liquid,1d,1y,L_EMA_RECLAIM,251,3,0.0,-0.708,-2.1241,0.0,2.1241,WEAK_BOTH,2,-0.4855,0.0,1,-1.1531,0.0,-999.0,0
SPY,liquid,1d,1y,L_VWAP_RECLAIM,251,2,50.0,0.5192,1.0384,1.586,1.7732,SECOND_ONLY,0,0.0,0.0,2,0.5192,1.586,-999.0,0
SPY,liquid,1d,1y,B_SUPERTREND,251,6,0.0,-0.9483,-5.6896,0.0,5.6896,WEAK_BOTH,4,-1.2076,0.0,2,-0.4296,0.0,-999.0,0
SPY,liquid,1d,1y,B_DONCHIAN_D,251,4,50.0,0.4303,1.7213,1.778,1.1458,SECOND_ONLY,1,-1.1458,0.0,3,0.9557,3.69,-999.0,0
SPY,liquid,1d,1y,HYBRID,251,4,25.0,0.0168,0.0674,1.025,2.7442,SECOND_ONLY,2,-0.4855,0.0,2,0.5192,1.586,-999.0,0
SPY,liquid,1h,3mo,L_RSI50,449,0,0.0,0.0,0.0,0.0,0.0,NO_TRADES,0,0.0,0.0,0,0.0,0.0,-999.0,0
SPY,liquid,1h,3mo,L_EMA_RECLAIM,449,0,0.0,0.0,0.0,0.0,0.0,NO_TRADES,0,0.0,0.0,0,0.0,0.0,-999.0,0
SPY,liquid,1h,3mo,L_VWAP_RECLAIM,449,0,0.0,0.0,0.0,0.0,0.0,NO_TRADES,0,0.0,0.0,0,0.0,0.0,-999.0,0
SPY,liquid,1h,3mo,B_SUPERTREND,449,0,0.0,0.0,0.0,0.0,0.0,NO_TRADES,0,0.0,0.0,0,0.0,0.0,-999.0,0
SPY,liquid,1h,3mo,HYBRID,449,0,0.0,0.0,0.0,0.0,0.0,NO_TRADES,0,0.0,0.0,0,0.0,0.0,-999.0,0
TSLA,liquid,1d,1y,L_RSI50,251,2,0.0,-4.8956,-9.7911,0.0,9.7911,WEAK_BOTH,1,-4.1503,0.0,1,-5.6408,0.0,-999.0,1
TSLA,liquid,1d,1y,L_EMA_RECLAIM,251,1,0.0,-5.6408,-5.6408,0.0,5.6408,WEAK_BOTH,0,0.0,0.0,1,-5.6408,0.0,-999.0,1
TSLA,liquid,1d,1y,L_VWAP_RECLAIM,251,1,0.0,-4.1462,-4.1462,0.0,4.1462,WEAK_BOTH,0,0.0,0.0,1,-4.1462,0.0,-999.0,1
TSLA,liquid,1d,1y,B_SUPERTREND,251,6,0.0,-4.3577,-26.146,0.0,26.146,WEAK_BOTH,3,-4.6737,0.0,3,-4.0416,0.0,-999.0,1
TSLA,liquid,1d,1y,B_DONCHIAN_D,251,8,25.0,-2.0456,-16.3648,0.365,16.3648,WEAK_BOTH,3,-0.5591,0.824,5,-2.9375,0.096,-999.0,1
TSLA,liquid,1d,1y,HYBRID,251,1,0.0,-5.6408,-5.6408,0.0,5.6408,WEAK_BOTH,0,0.0,0.0,1,-5.6408,0.0,-999.0,1
TSLA,liquid,1h,3mo,L_RSI50,449,6,66.67,1.0624,6.3742,5.692,1.3586,SECOND_ONLY,1,0.4478,99.0,5,1.1853,5.362,13.011,1
TSLA,liquid,1h,3mo,L_EMA_RECLAIM,449,4,50.0,0.6117,2.4467,2.014,1.2814,SECOND_ONLY,0,0.0,0.0,4,0.6117,2.014,-999.0,1
TSLA,liquid,1h,3mo,L_VWAP_RECLAIM,449,7,57.14,0.3378,2.3647,1.528,3.1942,FIRST_ONLY,3,1.472,99.0,4,-0.5128,0.542,1.366,1
TSLA,liquid,1h,3mo,B_SUPERTREND,449,14,35.71,0.3994,5.5916,1.516,5.3649,BOTH_HALVES,7,0.4329,1.514,7,0.3659,1.518,2.265,1
TSLA,liquid,1h,3mo,HYBRID,449,5,80.0,1.2903,6.4514,6.035,1.2814,SECOND_ONLY,1,0.4478,99.0,4,1.5009,5.685,14.426,1
